id,part_name,default_price
1177,سبويلر طمبون خلفي وسط ,0
1178,غطاء صندوق خلفي فارغ ,0
1179,حساسات طمبون خلفي عدد 2,0
1180,باب خلفي يمين,0
1181,جنط المنيوم ,0
1182,ضوء امامي يمين ,0
1183,بطانة امامي علوي ,0
1184,شل امامي ,0
1185,ضوء امامي يمين زينون,0
1186,جناح امامي يمين + بطانة ,0
1187,طمب,0
1188,ف,0
1189,ق,0
1190,ث,0
1191,ص,0
1192,ع,0
1193,ه,0
1194,خ,0
1195,ل,0
1196,ا,0
1197,ت,0
1198,ن,0
1199,م,0
1200,ي,0
1201,هخ,0
1202,لا,0
1203,و,0
1204,بطانة جناح امامي يمين,0
1205,طمبون امامي علوي,0
1206,جسر طمبون امامي بين الشاصيات,0
1207,شل امامي + اشارة,0
1208,بطانة اسفل الطمبون,0
1209,بلاستيكة واجهة امامية,0
1210,كشافات امامية يمين + يسار,0
1211,دفيوزر طمبون امامي,0
1212,مطرة ماء مساحات,0
1213,غطاء محرك,0
1214,زرفيل غطاء محرك على الواجهة وسط,0
1215,رديتر مكيف,0
1216,شبك طمبون امامي سفلي,0
1217,كوشوكة عجل امامي يمين,0
1218,مطرة راجع,0
1219,زامور عدد 2,0
1220,باب امامي يمين,0
1221,باب امامي يمين ,0
1222,ضوء امامي يسار زينون,0
1223,قشرة طمبون امامي,0
1224,كشافات طمبون امامي ليد ,0
1225,كشافات طمبون امامي ليد,0
1226,شبك طمبون امامي سفلي,0
1227,شبك طمبون امامي سفلي ,0
1228,واجهه اماميه,0
1229,غطاء محرك,0
1230,شبك مساحات,0
1231,رديتر ماء,0
1232,مطرة ماء مساحات,0
1233,مطرة ماء مساحات ,0
1234,مطرة راجع,0
1235,ايرباج تابلو ,0
1236,ايرباج تابلو,0
1237,ايرباج تندة يمين,0
1238,زجاج امامي ,0
1239,زجاج امامي,0
1240,جناح امامي يمين,0
1241,جناح امامي يمين ,0
1242,قشرة طمبون خلفي ,0
1243,قشرة طمبون خلفي,0
1244,باب امامي يسار فارغ,0
1245,جناح امامي يسار ,0
1246,جناح امامي يسار,0
1247,ايرباج طارة,0
1248,صنوبرص امامي يسار,0
1249,كوشوكه عجل عدد 2,0
1250,باب خلفي يسار فارغ,0
1251,بطانة اسفل المحرك,0
1252,بطانة سفل الطمبون الامامي,0
1253,شل امامي,0
1254,كشاف امامي يمين,0
1255,بطانة,0
1256,ضوء خلفي يمين,0
1257,بلاستيكة واجهة خلفية,0
1258,بطانة اسفل الطمبون الخلفي,0
1259,ب,0
1260,برواز ضوء امامي يسار,0
1261,باب امامي يسار كامل,0
1262,مرآة باب امامي يسار,0
1263,جنط امامي يسار,0
1264,دنجل امامي,0
1265,عاكسة طمبون خلفي يمين,0
1266,دفيوزر طمبون خلفي سفلي,0
1267,غطا,0
1268,غطاء صندوق خلفي  ,0
1269,غطاء صندوق خلفي,0
1270,عاكسة غطاء صندوق خلفي مسطرة,0
1271,سبويلر جناح امامي يسار دير العجل,0
1272,كفه,0
1273,كوشوكه عجل امامي يسار,0
1274,كشاف طمبون امامي يسار,0
1275,بطانة اسفل الطمبون الامامي,0
1276,بطانة جناح خلفي يمين ,0
1277,بطانة جناح خلفي يمين,0
1278,بطانة جناح خلفي يمين موكيت,0
1279,نكل غطاء صندوق حلفي طويله,0
1280,بطانة غطاء صندوق خلفي داخليه,0
1281,شبر صندوق خلفي,0
1282,حساس نقطة عمياء يمين,0
1283,زاويه طمبون امامي يمين,0
1284,درج يمين,0
1285,نكلة باب امامي يسار,0
1286,شل امامي +اشاره ,0
1287,شل امامي +اشاره,0
1288,سبويلر طمبون امامي سفلي,0
1289,واجهه امامي حديد علويه,0
1290,شل امامي نكل كامل,0
1291,شل امامي نكل كامل ,0
1395,كمبرسور مكيف,0
1292,فصالات باب امامي يسار عدد 2,0
1293,باب امامي يمين فارغ,0
1294,ك,0
1295,كفة,0
1296,واجهه اماميه حديد,0
1297,جدله حساسات,0
1298,سبويلر جناح امامي يمين,0
1299,جدلة حساسات,0
1300,سبويلر جناح امامي يمين,0
1301,كوشوكة عجل خلفي يمين,0
1302,صنوبرص خلفي يمين,0
1303,سبويلر طمبون خلفي سفلي,0
1304,ضوء امامي يمين عادي,0
1305,غطاء محرك فارغ,0
1306,كوشوكة خلفي يمين,0
1307,سبويلر جناح خلفي يمين,0
1308,هوايه جناح خلفي يمين,0
1309,عاكسة غطاء صندوق خلفي طويله,0
1310,ضوء خلفي يسار,0
1311,حمالة طمبون امامي يسار,0
1312,كت رديترات ,0
1313,كت رديترات,0
1314,اكزوزت خلفي,0
1315,حساسات خلفية,0
1316,حمالة طمبون خلفي يسار,0
1317,عا,0
1318,قاعدة الشحن,0
1319,سبويلر واجهه اماميه علويه (الشفه ),0
1320,واجهه اماميه فيبر علويه,0
1321,كشاف امامي يسار,0
1322,كاميرا سفليه,0
1323,حساس مانع تصادم عدد 2,0
1324,مطرة مساحات,0
1325,عاكسة طمبون حلفي يسار,0
1326,سبويلر جناح خلفي يسار داير عجل,0
1327,بطانة جناح خلفي يسار,0
1328,سبويلر باب امامي يسار سفلي,0
1329,كوشوكة عجل خلفي يسار,0
1330,كوشوكة عجل خلفي يسار ,0
1331,صنوبرص خلفي يسار,0
1332,حساسات طمبون خلفي عدد 3,0
1333,سبويلر غطاء صندوق خلفي,0
1334,عواكس غطاء صندوق خلفي,0
1335,قشرة طمبون خلفي+جسر+حمالات,0
1336,سبويلر طمبون خلفي وسط (اسود),0
1337,سبويلر طمبون خلفي سفلي + عواكس,0
1338,غطاء صندوق خلفي + بطانه داخليه+زرفيل,0
1339,سبويلر غطاء صندوق خلفي + عاكسه يمين,0
1340,سبويلر جناح خلفي يمين داير العجل,0
1341,غطاء صندوق خلفي كامل,0
1342,حساسات طمبون خلفي + جدله,0
1343,صنوبرص خلفي يسار + كفه + هب عجل خلفي يسار,0
1344,غطاء تنك بنزين,0
1345,كوشوكة عجل عدد 2 %50,0
1346,واجهه خلفيه حديد,0
1347,جنط خلفي يسار,0
1348,ضوء امامي يسار ,0
1349,ضوء امامي يسار,0
1350,طمبون امامي ,0
1351,طمبون امامي,0
1352,غماز امامي يسار,0
1353,دعاميه طمبون امامي حديد,0
1354,دعاميه طمبون امامي حديد ,0
1355,باب امامي يسار ,0
1356,باب امامي يسار,0
1357,درج سائقه,0
1358,كوشوكة عجل,0
1359,قشرة طمبون خلفي + جسر + حمالات,0
1360,سبويلر طمبون خلفي وسط اسود,0
1361,غطاء صندوق خلفي + بطانه داخليه+ زرفيل,0
1362,كوشوكة عجل 50% عدد 2,0
1363,طمبون خلفي وسط,0
1364,حساس طمبون خلفي عدد 2,0
1365,باب امامي يمين كامل,0
1366,باب امامي يمين كامل ,0
1367,باب خلفي يمين فارغ,0
1368,باب خلفي يسار,0
1369,عاكسة غطاء خلفي يمين,0
1370,زرفيل غطاء خلفي,0
1371,حساسات طمبون خلفي ,0
1372,حساسات طمبون خلفي,0
1373,غطاء صندوق خلفي ,0
1374,شبك طمبون امامي وسط,0
1375,طبشة شاصي امامي يسار,0
1376,كت مراوح,0
1377,ضوء امامي يسار عادي,0
1378,ضوء امامي يسار عادي ,0
1379,طمبون خلفي,0
1380,طمبون خلفي ,0
1381,زاويه طمبون خلفي يسار,0
1382,ضوء امامي يمين زينون ليد,0
1383,كشاف امامي يمين ليد,0
1384,قشرة طمبون امامي يسار ليد,0
1385,كشاف طمبون امامي يسار ليد,0
1386,دعسة رجل يسار,0
1387,مرآه امامية يسار,0
1388,كاميرا خلفي,0
1389,غطاء خلفي + مسطرة,0
1390,غطاء محرك + فصالات,0
1391,قشرة طمبون امامي + جسر + فلينه + حمالات,0
1392,شل امامي + شبك طمبون امامي سفلي,0
1393,جناح امامي يسار + بطانة,0
1394,رديتر ماء + رديتر مكيف + مبرد زيت,0
1396,ثلاجة امامية,0
1397,طرمبة ماء,0
1398,ثرموستات,0
1399,فصالات,0
1400,فصالات ,0
1401,غطاء محرك ,0
1402,سبويلر طمبون امامي وسط,0
1403,ستكرز باب,0
1405,زرفيل غطاء صندوق خلفي ,0
1404,زرفيل غطاء صندوق خلفي,0
1406,قشرة تابلو امامي ,0
1407,قشرة تابلو امامي,0
1408,بطانة شمعه امامي داخليه,0
1409,نكلة اكزوزت عدد 2,0
1410,سبويلر  طمبون خلفي يسار داير العجل,0
1411,حساس نقطة عمياء يسار,0
1412,كوشوكة عجل خلفي ,0
1413,كوشوكة عجل خلفي,0
1414,دنجل خلفي ,0
1415,دنجل خلفي,0
1416,عاكسة طمبون خلفي يسار,0
1417,ضوء امامي يمين ليد,0
1418,ضوء امامي يمين ليد ,0
1419,ثلاجة هواء محرك,0
1420,واجهة امامية عظم,0
1421,عظمة واجهة داخلية ,0
1422,عظمة واجهة داخلية,0
1423,ضوء امامي يسار ليد,0
1425,كوشوكة عجل اماميه يسار ,0
1424,كوشوكة عجل اماميه يسار,0
1426,شل امامي مسطره,0
1427,غطاء قاعدة الشحن,0
1428,برواز ضوء امامي,0
1429,برواز ضوء امامي ,0
1430,جناح امامي ( دلاية عجل ),0
1431,صنوبرصات اماميه,0
1432,جنط امامي ,0
1433,جنط امامي,0
1434,كوشوكة عجل ,0
1435,سبويلر اماميه يمين على الخزان ,0
1436,سبويلر اماميه يمين على الخزان,0
1437,ركابه يمين,0
1438,غطاء كشاف يمين ,0
1439,غطاء كشاف يمين,0
1440,ايرباج تندة يسار ,0
1441,ايرباج تندة يسار,0
1442,ضوء خلفي يمين كرستال,0
1443,حساسات طمبون خلفي زينه,0
1444,حساسات طمبون خلفي زينه ,0
1445,سبويلر طمبون خلفي زينه,0
1446,حساس امامي يسار,0
1447,كشاف امامي يسار ليد,0
1448,قشرة طمبون خلفي علوي,0
1449,ضوء خلفي على الطمبون يسار,0
1450,رقبة بنزين,0
1452,غمازات اماميه يمين ,0
1451,غمازات اماميه يمين,0
1453,حساسات اماميه,0
1454,صنوبرص امامي يمين,0
1455,بطانة جناح امامي يسار,0
1456,يد باب خلفي يمين,0
1457,نكله جناح امامي يمين,0
1458,غطاء هوك امامي يسار,0
1459,حساسات اماميه عدد 2,0
1460,ارضية صندوق خلفي,0
1461,غطاء هوك يمين,0
1462,حساس امامي عدد 1,0
1463,دنجل امامي كامل,0
1464,عواكس طمبون خلفي يمين,0
1465,مراَة باب امامي يسار كامل,0
1466,مراَة باب امامي يسار كامل ,0
1467,دفيوزر طمبون امامي سفلي,0
1468,هوايه طمبون امامي,0
1469,سبويلر جناح امامي يمين داير العجل,0
1470,ضوء خلفي على السطحه يسار,0
1471,غطاء امامي,0
1472,هوايه طمبون امامي يمين,0
1473,قشرة طمب,0
1474,فتحة سقف كامله ,0
1475,فتحة سقف كامله,0
1476,كوشوكة عجل عدد 2,0
1477,طاسة عجل عدد 2,0
1478,فصالات باب امامي يمين,0
1479,نكله مرش يمين,0
1480,كشاف طمبون امامي يمين,0
1481,سبويلر باب  امامي يسار,0
1482,طمبون امامي كامل ,0
1483,طمبون امامي كامل,0
1484,حمالات طمبون امامي,0
1485,حمالة طمبون خلفي يمين,0
1486,هوايه جناح خلفي يسار,0
1487,جزمه طمبون خلفي يمين,0
1488,عاكسة غطاء صندوق خلفي ,0
1489,عاكسة غطاء صندوق خلفي,0
1490,حمالة طمبون امامي يمين,0
1491,سبويلر طمبون خلفي يسار,0
1492,باب خلفي يمين  فارغ,0
1494,سبويلر جناح خلفي داير العجل,0
1493,سبويلر جناح خلفي داير العجل ,0
1495,سبويلر باب خلفي يمين سفلي,0
1496,سبويلر باب خلفي يمين سفلي ,0
1497,حاضنه نمره,0
1498,مرش وسط يمين ,0
1499,مرش وسط يمين,0
1500,نكلة باب خلفي يمين,0
1501,سبويلر طمبون خلفي ,0
1502,سبويلر طمبون خلفي,0
1503,كوشوكة ,0
1504,كوشوكة,0
1505,قشرة طمبون امامي علوي,0
1506,سبويلر جناح خلفي يسار ,0
1507,سبويلر جناح خلفي يسار,0
1508,مراَة باب امامي يمين,0
1509,كوشوكة عجل امامبي يمين,0
1510,شبك طمبون امامي ,0
1511,شبك طمبون امامي,0
1512,مراَة جانبيه يسار,0
1513,ضوء امامي يسار زينون ليد,0
1514,هوايه طمبون امامي يسار,0
1515,قشرة طمبون خلفي سفلي,0
1516,طمبون خلفي سفلي,0
1517,عاكسة غطاء صندوق خلفي عريضه,0
1518,غطاء هوك خلفي ,0
1519,غطاء هوك خلفي,0
1520,كشافات طمبون امامي يمين,0
1521,حساسات طمبون خلفي تجاري عدد 4,0
1522,طاسة عجل خلفي يمين,0
1523,دعسة طمبون خلفي,0
1524,ماسورة اكزوزت,0
1525,كشافات اماميه يمين,0
1526,حساسات طمبون اماميه,0
1527,قصه جناح خلفيه يمين,0
1528,مثلث زجاج زاوية جناح خلفي يمين,0
1529,زجاج خلفي,0
1530,جنط خلفي يمين,0
1531,كوشوكة عجل خلفي يسار  ,0
1532,مرآة الوسط,0
1533,مطرة ماء مساحات مع الماتور,0
1534,انفيرتر,0
1535,بطانة جناح داخلية بلاستيك,0
1536,بطانة جناح خلفي خارجية,0
1537,رادار تصادم,0
1538,زاويه طمبون خلفي يمين,0
1539,ضوء خلفي يمين ليد ,0
1540,ضوء خلفي يمين ليد,0
1541,شبر غطاء صندوق خلفي,0
1542,شل امامي مضيئ,0
1543,سبويلر باب امامي يمين,0
1544,مرش يسار بلاستيك,0
1545,سبويلر جناح امامي يسار (داير العجل),0
1546,اشارة لوجو,0
1547,اشارة لوجو ,0
1548,عاكسة غطاء صندوق خلفي يسار,0
1549,غطاء جناح داخلي يمين,0
1550,انفيرتر داخل الصندوق,0
1551,مرش سفلي يمين بلاستيك,0
1552,زجاج باب امامي يمين,0
1553,عمدان توازن عجل امامي يسار,0
1554,اكس امامي يسار,0
1555,سكبة جير  خارجية,0
1556,سبويلرات امامية ,0
1557,سبويلرات امامية,0
1558,جناح امامي  ( واقية العجل الامامي),0
1559,رديتر انفيرتر,0
1560,كاميرا اماميه,0
1561,بلاستيكة مرش يسار,0
1562,اكس ,0
1563,اكس,0
1564,كفات اماميه يسار علويه,0
1565,بوق هواء يسار ,0
1566,بوق هواء يسار,0
1567,كوشوكة عجل يسار,0
